{"cameraMode":{"drawMode":0,"name":"Shaded","section":"Shading Mode"},"sceneLighting":false,"audioPlay":false,"sceneViewState":{"m_AlwaysRefresh":false,"showFog":true,"showSkybox":false,"showFlares":true,"showImageEffects":true,"showParticleSystems":true,"showVisualEffectGraphs":true,"m_FxEnabled":false},"in2DMode":false,"pivot":{"x":-0.01757603883743286,"y":1.4435534477233887,"z":-0.01206815242767334},"rotation":{"x":0.03156962990760803,"y":-0.7116685509681702,"z":0.032046642154455188,"w":0.7010721564292908},"size":2.7022671699523927,"orthographic":true}