{"cameraMode":{"drawMode":0,"name":"Shaded","section":"Shading Mode"},"sceneLighting":true,"audioPlay":false,"sceneViewState":{"m_AlwaysRefresh":false,"showFog":true,"showSkybox":true,"showFlares":true,"showImageEffects":true,"showParticleSystems":true,"showVisualEffectGraphs":true,"m_FxEnabled":true},"in2DMode":false,"pivot":{"x":0.787469208240509,"y":0.09491012245416641,"z":1.80868661403656},"rotation":{"x":0.01949850469827652,"y":0.0029991022311151029,"z":-0.00005851205060025677,"w":0.9998038411140442},"size":12.527239799499512,"orthographic":true}