{"cameraMode":{"drawMode":0,"name":"Shaded","section":"Shading Mode"},"sceneLighting":true,"audioPlay":false,"sceneViewState":{"m_AlwaysRefresh":false,"showFog":true,"showSkybox":true,"showFlares":true,"showImageEffects":true,"showParticleSystems":true,"showVisualEffectGraphs":true,"m_FxEnabled":true},"in2DMode":false,"pivot":{"x":43.98706817626953,"y":-153.52589416503907,"z":-219.20396423339845},"rotation":{"x":-0.02960178256034851,"y":-0.9639580845832825,"z":0.23467804491519929,"w":-0.12150897085666657},"size":175.6183319091797,"orthographic":false}